1,,NICOBAR,0.3,8.7,-97%,LD,780.8,791.3,-1%,N
2,,NORTH & MIDDLE ANDAMAN,9.65,15.9,-39%,D,1363.8,1430.8,-5%,N
3,,SOUTH ANDAMAN,32.9,16.3,102%,LE,1430.6,1206.5,19%,N
1,,ANJAW,1.0,6.3,-84%,LD,475.9,1317.9,-64%,LD
2,,CHANGLANG,32.4,11.5,182%,LE,1473.8,1088.9,35%,E
3,,DIBANG VALLEY,0.0,3.6,-100%,NR,711.0,914.6,-22%,D
4,,EAST KAMENG,0.0,7.5,-100%,NR,688.7,960.8,-28%,D
5,,EAST SIANG,68.8,20.3,239%,LE,1593.1,2565.8,-38%,D
6,,KURUNG KUMEY,,8.3,,*,,910.2,,*
7,,LOHIT,17.2,9.1,89%,LE,1175.8,1266.8,-7%,N
8,,LOWER DIBANG VALLEY,54.4,13.1,315%,LE,2502.5,1865.4,34%,E
9,,LOWER SUBANSIRI,1.4,5.2,-73%,LD,333.0,606.9,-45%,D
10,,PAPUMPARA,2.3,11.4,-80%,LD,1276.2,1753.4,-27%,D
11,,TAWANG,0.1,9.1,-99%,LD,422.7,788.2,-46%,D
12,,TIRAP,,10.5,,*,1133.4,1600.6,-29%,D
13,,UPPER SIANG,0.6,12.4,-95%,LD,927.6,1328.4,-30%,D
14,,UPPER SUBANSIRI,13.1,4.1,220%,LE,1129.6,750.3,51%,E
15,,WEST KAMENG,0.0,12.3,-100%,NR,683.1,1378.5,-50%,D
16,,WEST SIANG,4.3,11.8,-64%,LD,1061.3,1597.2,-34%,D
1,,BAKSA,0.0,10.1,-100%,NR,1359.4,1258.4,8%,N
2,,BARPETA,0.0,18.1,-100%,NR,1638.0,1724.3,-5%,N
3,,BONGAIGAON,0.2,24.8,-99%,LD,1396.6,1950.2,-28%,D
4,,CACHAR,19.5,14.9,31%,E,1366.1,1474.2,-7%,N
5,,CHIRANG,0.0,19.7,-100%,NR,1280.4,1955.3,-35%,D
6,,DARRANG,0.0,9.7,-100%,NR,497.1,1062.2,-53%,D
7,,DHEMAJI,32.7,15.4,112%,LE,1225.9,1657.7,-26%,D
8,,DHUBRI,0.0,17.2,-100%,NR,1822.9,1740.7,5%,N
9,,DIBRUGARH,55.6,11.1,401%,LE,1192.1,1202.8,-1%,N
10,,DIMA HASAO,0.0,5.7,-100%,NR,717.8,833.3,-14%,N
11,,GOALPARA,2.9,14.2,-80%,LD,1149.2,1652.5,-30%,D
12,,GOLAGHAT,43.1,6.3,583%,LE,826.6,843.6,-2%,N
13,,HAILAKANDI,66.0,7.3,805%,LE,1363.2,1238.3,10%,N
14,,JORHAT,13.3,10.2,30%,E,991.2,1010.1,-2%,N
15,,KAMRUP (RURAL),0.0,8.5,-100%,NR,681.6,1064.4,-36%,D
16,,KAMRUP METRO.,4.7,5.9,-21%,D,837.1,861.5,-3%,N
17,,KARBI ANGLONG,2.3,5.2,-56%,D,554.5,652.5,-15%,N
18,,KARIMGANJ,21.8,15.1,44%,E,1623.7,1776.8,-9%,N
19,,KOKRAJHAR,0.0,13.8,-100%,NR,2171.8,2225.6,-2%,N
20,,LAKHIMPUR,5.9,12.8,-54%,D,1319.9,1643.0,-20%,D
21,,MORIGAON,0.1,9.5,-99%,LD,819.2,911.9,-10%,N
22,,NAGAON,4.5,7.3,-39%,D,538.2,836.7,-36%,D
23,,NALBARI,0.0,10.7,-100%,NR,1437.5,1314.2,9%,N
24,,SHONITPUR,21.0,8.4,150%,LE,749.3,967.1,-23%,D
25,,SIBSAGAR,18.6,5.6,232%,LE,869.4,965.0,-10%,N
26,,TINSUKIA,37.1,10.2,264%,LE,1354.9,1166.8,16%,N
27,,UDALGURI,3.5,9.6,-64%,LD,1012.6,1192.6,-15%,N
1,,EAST GARO HILLS,12.0,11.7,3%,N,2736.7,1523.1,80%,LE
2,,EAST JAINTIA HILLS,0.0,22.1,-100%,NR,1900.8,3711.0,-49%,D
3,,EAST KHASI HILLS,4.8,39.8,-88%,LD,4802.1,3733.2,29%,E
4,,NORTH GARO HILLS,40.3,8.5,374%,LE,1214.5,1467.4,-17%,N
5,,RI-BHOI,31.1,18.2,71%,LE,1284.6,1218.0,5%,N
6,,SOUTH GARO HILLS,0.0,8.5,-100%,NR,2032.5,1467.4,39%,E
7,,SOUTH WEST GARO HILLS,0.0,8.5,-100%,NR,784.0,1467.4,-47%,D
8,,SOUTH WEST KHASI HILLS,0.0,8.5,-100%,NR,4532.6,1467.4,209%,LE
9,,WEST GARO HILLS,0.0,12.0,-100%,NR,1488.0,1500.2,-1%,N
10,,WEST JAINTIA HILLS,0.0,22.1,-100%,NR,1787.7,3711.0,-52%,D
11,,WEST KHASI HILLS,9.6,10.8,-11%,N,1846.6,2193.2,-16%,N
1,,DIMAPUR,2.5,6.3,-60%,LD,406.8,660.5,-38%,D
2,,KIPHIRE,,2.5,,*,522.0,489.4,7%,N
3,,KOHIMA,4.9,11.5,-57%,D,785.0,972.0,-19%,N
4,,LONGLENG,,3.8,,*,,852.9,,*
5,,MOKOKCHUNG,22.3,6.1,265%,LE,909.5,1112.8,-18%,N
6,,MON,32.4,4.3,653%,LE,1095.9,874.5,25%,E
7,,PAREN,4.8,6.3,-24%,D,646.8,738.2,-12%,N
8,,PHEK,0.0,4.0,-100%,NR,321.5,668.2,-52%,D
9,,TUENSANG,0.3,3.8,-92%,LD,380.4,852.9,-55%,D
10,,WOKHA,0.0,7.2,-100%,NR,452.1,984.2,-54%,D
11,,ZUNHEBOTO,0.0,6.9,-100%,NR,632.4,860.4,-26%,D
1,,BISHNUPUR,0.0,3.8,-100%,NR,830.6,908.9,-9%,N
2,,CHANDEL,0.0,3.8,-100%,NR,548.5,908.9,-40%,D
3,,CHURACHANDPUR,0.0,3.8,-100%,NR,426.7,908.9,-53%,D
4,,IMPHAL EAST,0.0,5.1,-100%,NR,893.4,595.5,50%,E
5,,IMPHAL WEST,8.4,7.4,13%,N,882.6,1367.5,-35%,D
6,,SENAPATI,,10.8,,*,,629.7,,*
7,,TAMENGLONG,8.6,15.9,-46%,D,1636.0,3248.8,-50%,D
8,,THOUBAL,,5.1,,*,,595.5,,*
9,,UKHRUL,0.0,9.3,-100%,NR,733.0,861.5,-15%,N
1,,AIZWAL,14.4,11.6,24%,E,1414.9,1244.6,14%,N
2,,CHAMPHAI,6.4,8.7,-26%,D,585.1,1028.1,-43%,D
3,,KOLASIB,37.1,13.2,181%,LE,1507.0,1362.9,11%,N
4,,LAWNGTLAI,3.5,10.4,-66%,LD,969.2,1344.2,-28%,D
5,,LUNGLEI,2.9,11.9,-76%,LD,1148.4,1374.8,-16%,N
6,,MAMIT,25.3,4.1,517%,LE,1206.1,1223.2,-1%,N
7,,SAIHA,9.1,9.8,-8%,N,1054.2,1373.4,-23%,D
8,,SERCHHIP,14.7,9.9,48%,E,637.7,1183.6,-46%,D
1,,DHALAI,2.6,7.9,-68%,LD,1516.8,1076.3,41%,E
2,,GOMATI,0.0,14.1,-100%,NR,1095.1,1160.1,-6%,N
3,,KHOWAI,0.0,10.0,-100%,NR,1495.9,1057.8,41%,E
4,,NORTH TRIPURA,15.2,6.8,123%,LE,1525.0,1116.0,37%,E
5,,SIPAHIJALA,0.3,10.0,-98%,LD,753.8,1084.5,-30%,D
6,,SOUTH TRIPURA,0.9,8.1,-89%,LD,1959.8,1407.5,39%,E
7,,UNAKOTI,26.3,8.1,224%,LE,1460.1,1144.2,28%,E
8,,WEST TRIPURA,0.1,8.2,-99%,LD,1265.8,972.9,30%,E
1,,GANGTOK,2.3,17.4,-87%,LD,1703.9,1751.6,-3%,N
2,,GYALSHING,0.0,17.1,-100%,NR,1675.0,1435.8,17%,N
3,,MANGAN,12.9,11.4,13%,N,1674.0,1230.8,36%,E
4,,NAMCHI,0.0,13.6,-100%,NR,1504.1,1304.7,15%,N
5,,PAKYONG,0.3,10.1,-97%,LD,1320.6,1291.6,2%,N
6,,SORENG,0.0,17.1,-100%,NR,1545.0,1435.8,8%,N
1,,ALIPURDUAR,0.0,24.1,-100%,NR,2827.7,2473.7,14%,N
2,,COOCH BEHAR,0.0,18.6,-100%,NR,2300.8,1891.6,22%,E
3,,DARJEELING,0.0,20.5,-100%,NR,2039.3,2197.4,-7%,N
4,,JALPAIGURI,0.0,24.9,-100%,NR,2269.9,2356.6,-4%,N
5,,KALIMPONG,0.0,16.6,-100%,NR,2051.9,1945.0,5%,N
6,,MALDA,25.7,13.3,93%,LE,902.2,882.9,2%,N
7,,NORTH DINAJPUR,0.0,15.5,-100%,NR,548.9,1144.9,-52%,D
8,,SOUTH DINAJPUR,0.0,5.6,-100%,NR,751.3,813.6,-8%,N
1,,BANKURA,4.8,9.1,-48%,D,988.8,907.9,9%,N
2,,BIRBHUM,9.2,7.8,17%,N,693.5,868.4,-20%,D
3,,EAST MIDNAPORE,12.5,6.2,101%,LE,671.0,963.4,-30%,D
4,,HOOGHLY,0.0,6.6,-100%,NR,884.1,816.6,8%,N
5,,HOWRAH,5.8,5.3,9%,N,976.9,898.4,9%,N
6,,JHARGRAM,0.8,4.7,-83%,LD,676.6,905.4,-25%,D
7,,KOLKATA,5.3,6.9,-23%,D,938.0,1034.3,-9%,N
8,,MURSHIDABAD,17.2,6.2,177%,LE,517.6,763.4,-32%,D
9,,NADIA,1.4,6.5,-79%,LD,532.9,731.9,-27%,D
10,,NORTH 24 PARGANAS,2.7,6.6,-59%,D,832.0,895.2,-7%,N
11,,PASCHIM BARDHAMAN,4.9,8.1,-40%,D,1013.2,851.5,19%,N
12,,PURBA BARDHAMAN,0.8,6.9,-89%,LD,666.8,807.0,-17%,N
13,,PURULIA,0.1,8.2,-98%,LD,812.0,853.5,-5%,N
14,,SOUTH 24 PARGANAS,1.4,7.4,-81%,LD,929.8,1127.3,-18%,N
15,,WEST MIDNAPORE,4.1,4.7,-12%,N,821.9,905.4,-9%,N
1,,ANGUL,2.6,7.3,-65%,LD,784.8,902.8,-13%,N
2,,BALASORE,5.3,7.6,-30%,D,535.1,917.1,-42%,D
3,,BARGARH,2.5,9.1,-72%,LD,901.3,979.0,-8%,N
4,,BHADRAK,2.1,6.7,-69%,LD,480.2,836.2,-43%,D
5,,BOLANGIR,2.2,6.7,-67%,LD,784.3,888.5,-12%,N
6,,BOUDHGARH,0.0,6.4,-100%,NR,946.0,840.0,13%,N
7,,CUTTACK,4.0,6.3,-37%,D,925.9,899.4,3%,N
8,,DEOGARH,0.0,7.0,-100%,NR,702.1,937.7,-25%,D
9,,DHENKANAL,3.0,6.6,-55%,D,954.6,876.7,9%,N
10,,GAJAPATI,5.8,8.8,-34%,D,615.4,681.5,-10%,N
11,,GANJAM,19.3,6.3,206%,LE,621.0,667.2,-7%,N
12,,JAGATSINGHPUR,8.5,4.5,90%,LE,790.6,814.5,-3%,N
13,,JAJPUR,1.8,6.3,-71%,LD,711.3,965.5,-26%,D
14,,JHARSUGUDA,13.8,9.9,40%,E,761.0,962.0,-21%,D
15,,KALAHANDI,22.8,7.4,208%,LE,932.7,1129.3,-17%,N
16,,KANDHAMAL,13.7,9.3,47%,E,727.6,893.9,-19%,N
17,,KENDRAPARA,7.5,6.4,18%,N,622.5,854.6,-27%,D
18,,KEONJHARGARH,2.3,5.5,-59%,D,651.1,898.6,-28%,D
19,,KHURDA,6.4,5.7,12%,N,766.7,846.1,-9%,N
20,,KORAPUT,15.9,13.4,19%,N,1083.8,980.4,11%,N
21,,MALKANGIRI,36.7,11.7,214%,LE,1457.8,1024.5,42%,E
22,,MAYURBHANJ,3.1,7.6,-59%,D,725.5,950.9,-24%,D
23,,NAWAPARA,0.0,5.6,-100%,NR,959.8,818.2,17%,N
24,,NAWARANGPUR,11.2,11.1,1%,N,1027.5,1103.4,-7%,N
25,,NAYAGARH,16.5,8.9,86%,LE,854.3,841.4,2%,N
26,,PURI,6.6,7.4,-11%,N,560.2,787.6,-29%,D
27,,RAYAGADA,7.3,7.8,-7%,N,698.5,771.1,-9%,N
28,,SAMBALPUR,2.9,7.8,-62%,LD,863.3,1033.6,-16%,N
29,,SONEPUR,4.9,6.6,-26%,D,1082.6,979.0,11%,N
30,,SUNDARGARH,1.2,8.5,-86%,LD,809.3,974.1,-17%,N
1,,BOKARO,0.6,3.3,-81%,LD,757.7,712.2,6%,N
2,,CHATRA,0.0,5.8,-100%,NR,560.6,740.1,-24%,D
3,,DEOGHAR,0.0,5.4,-100%,NR,508.8,751.6,-32%,D
4,,DHANBAD,4.8,6.3,-23%,D,991.9,823.0,21%,E
5,,DUMKA,5.0,7.6,-34%,D,687.5,792.5,-13%,N
6,,EAST SINGBHUM,4.2,7.5,-44%,D,733.6,858.1,-15%,N
7,,GARHWA,0.0,5.3,-100%,NR,775.1,720.5,8%,N
8,,GIRIDIH,7.5,6.7,11%,N,739.8,750.7,-1%,N
9,,GODDA,0.0,5.5,-100%,NR,503.6,692.0,-27%,D
10,,GUMLA,0.1,7.1,-99%,LD,687.9,831.1,-17%,N
11,,HAZARIBAG,2.2,6.9,-68%,LD,655.1,819.0,-20%,D
12,,JAMTARA,0.5,6.7,-93%,LD,698.1,830.3,-16%,N
13,,KHUNTI,0.0,6.2,-100%,NR,884.0,874.8,1%,N
14,,KODERMA,7.4,6.3,18%,N,601.5,674.1,-11%,N
15,,LATEHAR,0.0,7.4,-100%,NR,853.4,813.1,5%,N
16,,LOHARDAGA,1.5,6.0,-75%,LD,476.9,778.6,-39%,D
17,,PAKUR,0.0,8.9,-100%,NR,430.9,901.6,-52%,D
18,,PALAMU,5.8,6.4,-10%,N,668.8,662.8,1%,N
19,,RAMGARH,0.0,6.7,-100%,NR,726.9,806.2,-10%,N
20,,RANCHI,1.4,5.4,-74%,LD,861.3,815.4,6%,N
21,,SAHIBGANJ,0.0,8.2,-100%,NR,758.4,890.0,-15%,N
22,,SERAIKELA-KHARSAWAN,0.0,5.7,-100%,NR,799.9,790.8,1%,N
23,,SIMDEGA,2.0,9.7,-79%,LD,1141.8,1030.7,11%,N
24,,WEST SINGBHUM,0.5,5.2,-91%,LD,616.4,807.3,-24%,D
1,,ARARIA,0.0,8.1,-100%,NR,862.1,1090.6,-21%,D
2,,ARWAL,0.0,6.8,-100%,NR,592.5,545.4,9%,N
3,,AURANGABAD,0.0,5.3,-100%,NR,710.0,671.3,6%,N
4,,BANKA,0.1,4.5,-97%,LD,557.0,671.9,-17%,N
5,,BEGUSARAI,0.0,7.0,-100%,NR,482.2,768.5,-37%,D
6,,BHABUA,0.0,6.3,-100%,NR,435.3,668.9,-35%,D
7,,BHAGALPUR,0.0,6.7,-100%,NR,489.5,750.5,-35%,D
8,,BHOJPUR,0.0,7.3,-100%,NR,543.0,682.1,-20%,D
9,,BUXAR,0.2,7.1,-97%,LD,580.1,613.2,-5%,N
10,,DARBHANGA,0.0,6.3,-100%,NR,357.8,713.0,-50%,D
11,,EAST CHAMPARAN,0.0,6.7,-100%,NR,574.0,844.1,-32%,D
12,,GAYA,0.1,4.5,-99%,LD,677.6,653.6,4%,N
13,,GOPALGANJ,0.0,6.9,-100%,NR,516.7,751.8,-31%,D
14,,JAHANABAD,0.0,5.5,-100%,NR,482.4,647.8,-26%,D
15,,JAMUI,1.4,8.4,-84%,LD,685.2,717.7,-5%,N
16,,KATIHAR,0.0,7.2,-100%,NR,577.8,816.9,-29%,D
17,,KHAGARIA,0.0,6.8,-100%,NR,560.9,745.6,-25%,D
18,,KISHANGANJ,0.0,13.4,-100%,NR,1358.4,1391.7,-2%,N
19,,LAKHISARAI,0.8,7.7,-90%,LD,544.4,649.7,-16%,N
20,,MADHEPURA,0.0,11.0,-100%,NR,535.2,796.2,-33%,D
21,,MADHUBANI,0.0,5.1,-100%,NR,370.3,791.2,-53%,D
22,,MONGHYR,0.0,6.4,-100%,NR,506.0,794.0,-36%,D
23,,MUZAFFARPUR,0.0,7.8,-100%,NR,420.6,751.1,-44%,D
24,,NALANDA,0.0,7.1,-100%,NR,634.6,661.2,-4%,N
25,,NAWADA,2.0,3.7,-45%,D,806.8,648.1,24%,E
26,,PATNA,0.0,5.3,-100%,NR,421.5,683.6,-38%,D
27,,PURNEA,0.0,12.9,-100%,NR,651.0,1102.9,-41%,D
28,,ROHTAS,0.0,4.7,-100%,NR,484.3,652.2,-26%,D
29,,SAHARSA,0.0,8.9,-100%,NR,443.3,846.9,-48%,D
30,,SAMASTIPUR,0.0,7.1,-100%,NR,404.6,722.7,-44%,D
31,,SARAN,0.4,4.7,-92%,LD,349.2,703.6,-50%,D
32,,SHEIKHPURA,3.3,8.2,-59%,D,684.6,636.3,8%,N
33,,SHEOHAR,0.0,7.5,-100%,NR,511.2,802.7,-36%,D
34,,SITAMARHI,0.0,6.0,-100%,NR,491.4,871.7,-44%,D
35,,SIWAN,0.0,4.6,-100%,NR,630.0,688.1,-8%,N
36,,SUPAUL,0.0,8.9,-100%,NR,655.6,857.2,-24%,D
37,,VAISHALI,2.0,6.0,-67%,LD,350.9,706.0,-50%,D
38,,WEST CHAMPARAN,0.0,8.6,-100%,NR,864.5,995.1,-13%,N
1,,AMBEDKAR NAGAR,0.0,2.7,-100%,NR,628.3,655.3,-4%,N
2,,AMETHI,0.9,5.7,-85%,LD,257.6,531.6,-52%,D
3,,AYODHYA,0.0,3.6,-100%,NR,570.6,663.0,-14%,N
4,,AZAMGARH,0.0,6.1,-100%,NR,493.9,648.5,-24%,D
5,,BAHRAICH,0.0,7.0,-100%,NR,930.8,779.7,19%,N
6,,BALLIA,0.0,4.1,-100%,NR,514.4,570.5,-10%,N
7,,BALRAMPUR,0.0,4.1,-100%,NR,1016.7,646.6,57%,E
8,,BANDA,0.2,3.3,-94%,LD,508.1,613.0,-17%,N
9,,BARABANKI,1.3,5.5,-77%,LD,633.4,628.7,1%,N
10,,BASTI,0.0,3.2,-100%,NR,1012.6,649.5,56%,E
11,,BHADOHI,0.0,3.6,-100%,NR,390.5,623.4,-37%,D
12,,CHANDAULI,0.0,4.8,-100%,NR,300.5,565.7,-47%,D
13,,CHITRAKOOT,0.0,5.7,-100%,NR,718.6,629.1,14%,N
14,,DEORIA,0.0,4.7,-100%,NR,302.3,625.3,-52%,D
15,,FARRUKHABAD,1.1,3.9,-73%,LD,434.9,578.5,-25%,D
16,,FATEHPUR,0.0,4.2,-100%,NR,238.8,548.1,-56%,D
17,,GHAZIPUR,0.0,5.6,-100%,NR,654.7,603.6,8%,N
18,,GONDA,0.0,4.6,-100%,NR,605.7,685.8,-12%,N
19,,GORAKHPUR,0.0,6.8,-100%,NR,849.1,985.1,-14%,N
20,,HARDOI,7.7,6.2,24%,E,475.9,524.2,-9%,N
21,,JAUNPUR,0.0,3.8,-100%,NR,249.3,541.7,-54%,D
22,,KANNAUJ,7.0,3.8,84%,LE,623.3,525.7,19%,N
23,,KANPUR CITY,0.0,3.8,-100%,NR,328.2,494.0,-34%,D
24,,KANPUR DEHAT,0.3,4.8,-94%,LD,264.8,459.8,-42%,D
25,,KAUSHAMBI,0.0,4.2,-100%,NR,361.1,441.4,-18%,N
26,,KHERI,0.0,10.9,-100%,NR,746.2,734.8,2%,N
27,,KUSHI NAGAR,0.0,3.4,-100%,NR,242.3,586.7,-59%,D
28,,LUCKNOW,0.0,5.7,-100%,NR,525.6,519.3,1%,N
29,,MAHARAJGANJ,0.0,4.2,-100%,NR,962.3,799.6,20%,E
30,,MAU,0.0,3.3,-100%,NR,359.4,624.9,-42%,D
31,,MIRZAPUR,0.0,7.2,-100%,NR,445.4,683.2,-35%,D
32,,PRATAPGARH,4.6,2.8,64%,LE,600.8,592.7,1%,N
33,,PRAYAGRAJ,0.0,5.5,-100%,NR,450.4,560.0,-20%,D
34,,RAE BAREILLY,0.0,2.6,-100%,NR,201.2,336.8,-40%,D
35,,SANT KABIR NAGAR,0.0,5.0,-100%,NR,799.0,810.8,-1%,N
36,,SHRAWASTI NAGAR,0.0,6.8,-100%,NR,792.3,880.8,-10%,N
37,,SIDDHARTH NAGAR,0.0,5.2,-100%,NR,807.7,841.5,-4%,N
38,,SITAPUR,0.0,9.7,-100%,NR,439.3,647.5,-32%,D
39,,SONBHADRA,0.0,8.9,-100%,NR,751.9,679.3,11%,N
40,,SULTANPUR,0.0,5.3,-100%,NR,612.0,632.5,-3%,N
41,,UNNAO,0.3,3.5,-90%,LD,310.2,497.7,-38%,D
42,,VARANASI,0.0,10.0,-100%,NR,601.9,615.1,-2%,N
1,,AGRA,2.9,3.3,-13%,N,518.4,434.6,19%,N
2,,ALIGARH,0.1,2.2,-95%,LD,260.9,486.9,-46%,D
3,,AMROHA,0.0,3.4,-100%,NR,276.5,681.3,-59%,D
4,,AURAIYA,4.1,3.7,11%,N,746.8,410.0,82%,LE
5,,BADAUN,0.0,3.8,-100%,NR,583.1,546.8,7%,N
6,,BAGHPAT,0.0,2.3,-100%,NR,302.7,412.8,-27%,D
7,,BAREILLY,0.0,6.3,-100%,NR,786.8,641.7,23%,E
8,,BIJNOR,0.0,5.4,-100%,NR,592.1,743.5,-20%,D
9,,BULANDSHAHAR,0.0,2.8,-100%,NR,303.7,436.6,-30%,D
10,,ETAH,1.0,4.3,-77%,LD,641.7,409.0,57%,E
11,,ETAWAH,5.0,3.2,56%,E,339.3,451.9,-25%,D
12,,FIROZABAD,0.0,4.2,-100%,NR,586.7,468.1,25%,E
13,,GAUTAM BUDDHA NAGAR,0.0,3.5,-100%,NR,78.7,375.9,-79%,LD
14,,GHAZIABAD,0.0,3.6,-100%,NR,254.7,378.7,-33%,D
15,,HAMIRPUR,8.8,5.6,57%,E,650.1,564.4,15%,N
16,,HAPUR,0.0,3.0,-100%,NR,288.5,551.1,-48%,D
17,,HATHRAS,4.3,3.0,42%,E,454.9,457.8,-1%,N
18,,JALAUN,9.9,4.1,141%,LE,613.1,511.9,20%,E
19,,JHANSI,3.7,5.5,-33%,D,414.6,579.7,-28%,D
20,,KASGANJ,2.0,7.1,-72%,LD,604.3,538.7,12%,N
21,,LALITPUR,0.0,4.5,-100%,NR,800.7,667.7,20%,E
22,,MAHOBA,2.6,2.3,13%,N,341.4,489.5,-30%,D
23,,MAINPURI,0.5,4.9,-91%,LD,514.5,521.0,-1%,N
24,,MATHURA,0.0,4.8,-100%,NR,261.2,412.1,-37%,D
25,,MEERUT,2.2,4.6,-53%,D,383.0,528.4,-28%,D
26,,MORADABAD,0.0,4.5,-100%,NR,823.7,713.8,15%,N
27,,MUZAFFARNAGAR,0.0,2.5,-100%,NR,402.8,532.1,-24%,D
28,,PILIBHIT,0.0,6.6,-100%,NR,379.8,673.3,-44%,D
29,,RAMPUR,0.0,3.3,-100%,NR,598.7,594.0,1%,N
30,,SAHARANPUR,0.0,3.0,-100%,NR,275.4,629.5,-56%,D
31,,SAMBHAL,0.0,4.7,-100%,NR,433.2,535.4,-19%,N
32,,SHAHJAHANPUR,0.0,4.9,-100%,NR,464.4,612.5,-24%,D
33,,SHAMLI,0.0,2.8,-100%,NR,90.8,448.4,-80%,LD
1,,ALMORA,0.0,3.0,-100%,NR,665.2,662.3,0%,N
2,,BAGESHWAR,0.0,3.0,-100%,NR,2034.8,662.3,207%,LE
3,,CHAMOLI,0.6,6.3,-90%,LD,1006.4,616.4,63%,LE
4,,CHAMPAWAT,0.0,9.1,-100%,NR,983.4,1083.3,-9%,N
5,,DEHRADUN,0.0,13.1,-100%,NR,1425.1,1225.4,16%,N
6,,GARHWAL PAURI,0.0,10.7,-100%,NR,591.8,1068.3,-45%,D
7,,GARHWAL TEHRI,0.0,5.6,-100%,NR,755.4,795.2,-5%,N
8,,HARDWAR,0.0,10.7,-100%,NR,661.4,823.6,-20%,D
9,,NAINITAL,0.0,8.7,-100%,NR,993.2,1276.2,-22%,D
10,,PITHORAGARH,0.0,11.7,-100%,NR,1249.5,1266.8,-1%,N
11,,RUDRAPRAYAG,0.0,15.7,-100%,NR,1166.0,1341.5,-13%,N
12,,UDHAM SINGH NAGAR,0.0,6.1,-100%,NR,954.1,940.2,1%,N
13,,UTTARKASHI,0.7,12.4,-94%,LD,851.0,982.9,-13%,N
1,,AMBALA,1.0,4.9,-79%,LD,472.6,679.1,-30%,D
2,,BHIWANI,5.0,0.7,621%,LE,215.1,245.0,-12%,N
3,,CHARKHI DADRI,0.3,1.0,-67%,LD,289.2,338.0,-14%,N
4,,FARIDABAD,0.0,2.0,-100%,NR,375.6,444.7,-16%,N
5,,FATEHABAD,2.1,0.4,425%,LE,238.8,212.9,12%,N
6,,GURGAON,0.0,2.7,-100%,NR,495.5,407.6,22%,E
7,,HISAR,0.0,0.6,-93%,LD,182.6,245.2,-26%,D
8,,JHAJJAR,0.0,2.1,-100%,NR,360.5,311.1,16%,N
9,,JIND,0.0,3.3,-100%,NR,258.7,313.0,-17%,N
10,,KAITHAL,0.3,2.0,-88%,LD,189.9,302.6,-37%,D
11,,KARNAL,0.0,3.7,-100%,NR,195.5,424.8,-54%,D
12,,KURUKSHETRA,1.1,4.2,-75%,LD,275.9,337.9,-18%,N
13,,MAHENDRAGARH,12.3,2.0,516%,LE,498.5,338.9,47%,E
14,,NUH,0.0,2.8,-100%,NR,608.9,387.2,57%,E
15,,PALWAL,0.0,1.0,-100%,NR,237.3,323.9,-27%,D
16,,PANCHKULA,0.0,4.6,-100%,NR,407.0,709.5,-43%,D
17,,PANIPAT,0.1,1.5,-95%,LD,365.1,363.9,0%,N
18,,REWARI,2.0,1.5,35%,E,367.7,356.2,3%,N
19,,ROHTAK,0.5,4.9,-90%,LD,282.7,393.1,-28%,D
20,,SIRSA,4.3,1.4,207%,LE,206.9,178.5,16%,N
21,,SONEPAT,0.0,1.8,-100%,NR,316.3,383.3,-17%,N
22,,YAMUNA NAGAR,0.0,5.4,-100%,NR,405.9,756.4,-46%,D
1,,CENTRAL DELHI,1.5,4.4,-66%,LD,453.2,540.0,-16%,N
2,,EAST DELHI,0.0,4.4,-100%,NR,647.9,540.0,20%,E
3,,NEW DELHI,2.1,3.5,-41%,D,684.7,516.9,32%,E
4,,NORTH DELHI,0.4,1.5,-76%,LD,828.1,441.0,88%,LE
5,,NORTH EAST DELHI,,4.4,,*,575.9,540.0,7%,N
6,,NORTH WEST DELHI,0.0,1.6,-100%,NR,565.3,325.6,74%,LE
7,,SOUTH DELHI,0.1,4.4,-97%,LD,412.9,540.0,-24%,D
8,,SOUTH WEST DELHI,0.9,5.0,-83%,LD,528.6,440.5,20%,E
9,,WEST DELHI,0.8,1.4,-46%,D,422.0,488.7,-14%,N
1,,AMRITSAR,0.0,2.9,-100%,NR,360.3,384.4,-6%,N
2,,BARNALA,0.0,2.4,-100%,NR,222.1,298.0,-25%,D
3,,BHATINDA,0.0,0.9,-100%,NR,106.6,244.4,-56%,D
4,,FARIDKOT,0.0,2.4,-100%,NR,231.3,244.8,-6%,N
5,,FATEHGARH SAHIB,0.0,0.5,-100%,NR,207.0,396.8,-48%,D
6,,FAZILKA,9.0,0.8,1025%,LE,138.8,206.6,-33%,D
7,,FEROZEPUR,0.4,1.0,-63%,LD,105.3,202.5,-48%,D
8,,GURDASPUR,0.0,3.7,-100%,NR,433.5,510.4,-15%,N
9,,HOSHIARPUR,0.0,3.8,-100%,NR,270.9,508.9,-47%,D
10,,JALANDHAR,0.2,2.9,-92%,LD,275.5,430.0,-36%,D
11,,KAPURTHALA,0.0,1.5,-100%,NR,339.1,376.2,-10%,N
12,,LUDHIANA,0.1,3.6,-97%,LD,278.3,373.0,-25%,D
13,,MANSA,0.0,0.1,-100%,NR,167.2,221.9,-25%,D
14,,MOGA,0.0,1.8,-100%,NR,144.3,243.6,-41%,D
15,,MUKTSAR,22.4,3.0,647%,LE,184.7,260.0,-29%,D
16,,PATHANKOT,0.3,4.3,-92%,LD,937.3,825.5,14%,N
17,,PATIALA,0.0,2.8,-100%,NR,365.8,433.2,-16%,N
18,,RUPNAGAR,8.0,4.8,67%,LE,455.9,667.8,-32%,D
19,,SANGRUR,0.0,1.1,-100%,NR,270.5,313.1,-14%,N
20,,SAS NAGAR (MOHALI),0.0,1.7,-100%,NR,216.2,503.6,-57%,D
21,,SBS NAGAR,3.3,3.3,0%,N,355.3,620.9,-43%,D
22,,TARN TARAN,0.0,3.3,-100%,NR,365.4,222.0,65%,LE
1,,BILASPUR,0.1,7.0,-99%,LD,623.4,691.1,-10%,N
2,,CHAMBA,3.6,4.1,-12%,N,487.6,719.2,-32%,D
3,,HAMIRPUR,2.5,8.7,-71%,LD,578.1,843.2,-31%,D
4,,KANGRA,1.5,11.0,-86%,LD,1300.3,1402.2,-7%,N
5,,KINNAUR,0.1,1.6,-94%,LD,108.3,185.3,-42%,D
6,,KULLU,3.5,3.9,-11%,N,334.5,451.1,-26%,D
7,,LAHAUL & SPITI,0.0,3.2,-100%,NR,85.0,296.9,-71%,LD
8,,MANDI,11.2,6.9,63%,LE,897.3,953.3,-6%,N
9,,SHIMLA,6.6,4.4,50%,E,582.0,517.0,13%,N
10,,SIRMAUR,0.0,9.0,-100%,NR,858.4,1004.9,-15%,N
11,,SOLAN,0.0,5.1,-100%,NR,541.9,728.5,-26%,D
12,,UNA,0.0,10.1,-100%,NR,558.9,805.0,-31%,D
1,,ANANTNAG,2.2,2.6,-16%,N,127.8,260.6,-51%,D
2,,BADGAM,3.2,1.3,142%,LE,83.5,171.7,-51%,D
3,,BANDIPORE,5.8,0.6,858%,LE,80.8,183.3,-56%,D
4,,BARAMULA,11.8,1.7,592%,LE,203.4,177.6,15%,N
5,,DODA,0.8,1.8,-56%,D,201.2,343.8,-41%,D
6,,GANDERBAL,3.8,3.7,3%,N,160.8,219.8,-27%,D
7,,JAMMU,0.7,12.5,-95%,LD,819.0,822.1,0%,N
8,,KATHUA,0.1,30.5,-99%,LD,781.0,1077.6,-28%,D
9,,KISTWAR,,1.8,,*,,343.8,,*
10,,KULGAM,6.0,1.6,272%,LE,85.1,262.0,-68%,LD
11,,KUPWARA,11.1,1.3,752%,LE,160.7,215.2,-25%,D
12,,POONCH,2.8,2.3,20%,E,132.8,558.1,-76%,LD
13,,PULWAMA,5.0,0.8,522%,LE,151.7,158.9,-5%,N
14,,RAJOURI,18.4,4.9,276%,LE,519.2,571.5,-9%,N
15,,RAMBAN,0.2,1.4,-83%,LD,215.6,331.4,-35%,D
16,,REASI,0.5,8.6,-95%,LD,689.2,1350.5,-49%,D
17,,SAMBA,0.0,2.8,-100%,NR,783.0,660.3,19%,N
18,,SHOPIAN,5.2,7.7,-33%,D,45.2,245.3,-82%,LD
19,,SRINAGAR,6.6,1.1,502%,LE,142.8,197.3,-28%,D
20,,UDHAMPUR,0.0,5.9,-100%,NR,708.4,835.3,-15%,N
1,,KARGIL,0.0,0.0,-100%,NR,11.2,7.9,42%,E
2,,LADAKH (LEH),1.4,0.0,13900%,LE,28.1,19.4,45%,E
1,,AJMER,0.0,4.3,-100%,NR,666.8,394.2,69%,LE
2,,ALWAR,6.3,2.6,141%,LE,742.0,455.8,63%,LE
3,,BANSWARA,1.8,11.4,-84%,LD,739.3,741.8,0%,N
4,,BARAN,15.9,7.9,101%,LE,856.1,718.2,19%,N
5,,BHARATPUR,2.8,3.3,-15%,N,677.3,447.7,51%,E
6,,BHILWARA,0.0,7.1,-100%,NR,675.8,522.5,29%,E
7,,BUNDI,0.0,9.5,-100%,NR,858.4,556.0,54%,E
8,,CHITTORGARH,1.0,9.0,-89%,LD,671.8,622.0,8%,N
9,,DAUSA,10.6,4.1,159%,LE,1159.4,505.1,130%,LE
10,,DHOLPUR,10.0,3.3,203%,LE,856.1,485.2,76%,LE
11,,DUNGARPUR,0.2,9.9,-98%,LD,557.5,599.4,-7%,N
12,,JAIPUR,15.2,2.9,423%,LE,792.2,450.0,76%,LE
13,,JHALAWAR,7.7,9.9,-22%,D,685.8,748.6,-8%,N
14,,JHUNJHUNU,0.3,1.3,-81%,LD,466.0,350.7,33%,E
15,,KARAULI,10.2,4.2,142%,LE,1011.3,512.8,97%,LE
16,,KOTA,0.6,8.0,-93%,LD,760.2,632.8,20%,E
17,,PRATAPGARH,0.0,12.5,-100%,NR,797.1,775.6,3%,N
18,,RAJSAMAND,0.0,5.2,-100%,NR,635.0,457.7,39%,E
19,,SAWAI MADHOPUR,10.4,4.1,154%,LE,1055.0,574.2,84%,LE
20,,SIKAR,2.0,1.8,11%,N,498.1,357.3,39%,E
21,,SIROHI,0.3,8.7,-97%,LD,679.4,739.0,-8%,N
22,,TONK,0.8,5.0,-83%,LD,973.6,492.6,98%,LE
23,,UDAIPUR,0.8,7.2,-89%,LD,515.2,519.0,-1%,N
1,,BARMER,5.3,2.8,88%,LE,371.3,232.0,60%,LE
2,,BIKANER,0.0,1.6,-100%,NR,403.1,214.1,88%,LE
3,,CHURU,6.0,1.2,400%,LE,468.8,286.6,64%,LE
4,,HANUMANGARH,3.7,1.0,271%,LE,302.8,214.3,41%,E
5,,JAISALMER,1.0,1.0,0%,N,386.1,149.1,159%,LE
6,,JALORE,2.3,4.1,-45%,D,369.1,355.1,4%,N
7,,JODHPUR,1.4,2.9,-50%,D,428.3,248.9,72%,LE
8,,NAGAUR,0.1,2.3,-96%,LD,573.6,324.2,77%,LE
9,,PALI,1.1,3.9,-72%,LD,627.1,422.3,48%,E
10,,SRI GANGANAGAR,13.1,2.3,470%,LE,289.3,169.5,71%,LE
1,,ANUPPUR,2.7,5.4,-50%,D,983.7,806.2,22%,E
2,,BALAGHAT,4.3,12.0,-64%,LD,909.0,1036.9,-12%,N
3,,CHHATARPUR,8.4,6.9,22%,E,721.0,762.1,-5%,N
4,,CHHINDWARA,28.3,11.5,146%,LE,1060.6,816.6,30%,E
5,,DAMOH,16.9,7.0,142%,LE,840.4,908.6,-8%,N
6,,DINDORI,6.0,8.8,-32%,D,1052.0,983.2,7%,N
7,,JABALPUR,11.1,10.3,7%,N,905.4,933.5,-3%,N
8,,KATNI,3.5,5.7,-39%,D,885.8,778.5,14%,N
9,,MANDLA,6.5,7.2,-9%,N,1196.9,1000.4,20%,E
10,,NARSINGHPUR,15.0,14.4,4%,N,890.2,865.9,3%,N
11,,NIWARI,0.3,3.1,-89%,LD,960.0,631.3,52%,E
12,,PANNA,8.6,8.9,-3%,N,902.0,877.2,3%,N
13,,REWA,2.0,7.1,-72%,LD,569.3,767.5,-26%,D
14,,SAGAR,10.4,7.2,44%,E,1032.8,895.7,15%,N
15,,SATNA,3.3,6.3,-47%,D,692.3,763.5,-9%,N
16,,SEONI,0.4,10.8,-97%,LD,1154.3,844.0,37%,E
17,,SHAHDOL,9.3,7.4,25%,E,939.6,803.9,17%,N
18,,SIDHI,3.4,13.2,-74%,LD,1075.3,815.0,32%,E
19,,SINGRAULI,0.0,5.6,-100%,NR,977.3,680.5,44%,E
20,,TIKAMGARH,7.8,5.4,44%,E,868.8,765.2,14%,N
21,,UMARIA,3.4,12.0,-72%,LD,888.3,856.9,4%,N
1,,AGAR-MALWA,3.5,10.3,-66%,LD,878.8,750.4,17%,N
2,,ALIRAJPUR,0.0,10.0,-100%,NR,1032.8,708.2,46%,E
3,,ASHOKNAGAR,3.8,5.0,-25%,D,855.5,703.3,22%,E
4,,BARWANI,7.2,6.9,4%,N,663.7,532.5,25%,E
5,,BETUL,10.7,10.1,6%,N,876.4,852.0,3%,N
6,,BHIND,6.9,6.5,7%,N,702.3,490.4,43%,E
7,,BHOPAL,8.5,8.5,0%,N,1042.8,803.3,30%,E
8,,BURHANPUR,4.3,8.5,-49%,D,673.8,595.4,13%,N
9,,DATIA,0.0,5.7,-100%,NR,540.5,605.6,-11%,N
10,,DEWAS,6.4,11.5,-44%,D,831.8,751.8,11%,N
11,,DHAR,5.0,8.8,-43%,D,605.7,654.4,-7%,N
12,,GUNA,10.4,7.3,42%,E,970.1,794.5,22%,E
13,,GWALIOR,3.7,6.5,-43%,D,711.7,577.5,23%,E
14,,HARDA,5.1,8.7,-41%,D,817.6,910.1,-10%,N
15,,INDORE,5.6,11.9,-53%,D,638.1,708.9,-10%,N
16,,JHABUA,7.6,11.1,-32%,D,713.3,729.0,-2%,N
17,,KHANDWA,0.4,9.3,-96%,LD,695.4,634.8,10%,N
18,,KHARGONE,5.7,9.8,-42%,D,685.8,582.5,18%,N
19,,MANDSAUR,4.1,12.2,-67%,LD,704.5,694.9,1%,N
20,,MORENA,1.0,4.6,-78%,LD,594.1,537.5,11%,N
21,,NARMADAPURAM,15.9,11.7,36%,E,1038.4,1052.3,-1%,N
22,,NEEMUCH,0.0,9.5,-100%,NR,814.5,660.5,23%,E
23,,RAISEN,10.2,8.8,16%,N,1034.5,905.9,14%,N
24,,RAJGARH,8.0,10.2,-22%,D,974.4,763.7,28%,E
25,,RATLAM,3.3,14.1,-77%,LD,814.8,774.3,5%,N
26,,SEHORE,12.3,11.3,9%,N,935.8,895.9,4%,N
27,,SHAJAPUR,0.6,10.8,-94%,LD,798.4,760.8,5%,N
28,,SHEOPUR,6.4,5.3,21%,E,1046.7,575.5,82%,LE
29,,SHIVPURI,6.1,6.5,-6%,N,894.4,657.1,36%,E
30,,UJJAIN,2.5,12.7,-80%,LD,627.9,743.4,-16%,N
31,,VIDISHA,10.0,8.0,25%,E,923.4,869.7,6%,N
1,,AHMEDABAD,0.8,6.8,-88%,LD,651.4,558.5,17%,N
2,,ANAND,0.3,8.8,-96%,LD,917.4,704.3,30%,E
3,,ARAVALLI,0.9,12.8,-93%,LD,792.6,712.9,11%,N
4,,BANASKANTHA,3.1,5.5,-44%,D,472.8,501.4,-6%,N
5,,BHARUCH,0.7,6.1,-89%,LD,913.5,603.7,51%,E
6,,CHHOTA UDEPUR,0.0,10.7,-100%,NR,956.1,823.4,16%,N
7,,DADARA & NAGAR HAVELI,0.0,19.5,-100%,NR,2549.4,1968.6,30%,E
8,,DAHOD,0.3,10.2,-97%,LD,691.2,657.9,5%,N
9,,DAMAN,1.2,19.5,-94%,LD,2072.1,1968.6,5%,N
10,,DANGS,1.3,14.1,-91%,LD,2013.9,1878.3,7%,N
11,,GANDHINAGAR,3.9,6.7,-42%,D,708.3,643.9,10%,N
12,,KHEDA,1.5,10.1,-85%,LD,945.6,686.7,38%,E
13,,MAHISAGAR,0.0,9.9,-100%,NR,842.8,681.8,24%,E
14,,MEHSANA,1.6,8.7,-81%,LD,736.8,591.6,25%,E
15,,NARMADA,0.0,11.1,-100%,NR,1110.0,879.3,26%,E
16,,NAVSARI,0.0,16.6,-100%,NR,2130.0,1551.0,37%,E
17,,PANCHMAHAL,0.0,13.6,-100%,NR,930.1,789.8,18%,N
18,,PATAN,1.0,7.0,-86%,LD,527.1,475.4,11%,N
19,,SABARKANTHA,3.1,8.1,-61%,LD,726.0,706.0,3%,N
20,,SURAT,0.9,11.7,-92%,LD,1524.8,1088.7,40%,E
21,,TAPI,0.7,11.2,-94%,LD,1350.0,1182.5,14%,N
22,,VADODARA,0.0,9.8,-100%,NR,877.0,749.1,17%,N
23,,VALSAD,1.8,20.4,-91%,LD,2253.7,1758.4,28%,E
1,,AMRELI,0.5,7.5,-93%,LD,557.4,464.6,20%,E
2,,BHAVNAGAR,0.5,5.5,-91%,LD,511.4,462.4,11%,N
3,,BOTAD,0.1,9.5,-99%,LD,473.4,455.5,4%,N
4,,DEVBHOOMI DWARKA,4.9,10.1,-52%,D,1821.7,467.5,290%,LE
5,,DIU,0.0,13.8,-100%,NR,607.7,643.2,-6%,N
6,,GIR SOMNATH,3.0,12.4,-76%,LD,861.2,754.3,14%,N
7,,JAMNAGAR,1.2,13.7,-91%,LD,1124.5,532.7,111%,LE
8,,JUNAGADH,0.3,9.4,-97%,LD,1403.7,741.1,89%,LE
9,,KUTCH,6.5,6.9,-6%,N,787.6,341.1,131%,LE
10,,MORBI,0.0,7.8,-100%,NR,832.8,453.0,84%,LE
11,,PORBANDAR,0.0,11.6,-100%,NR,1438.5,573.4,151%,LE
12,,RAJKOT,0.0,8.8,-100%,NR,889.9,522.5,70%,LE
13,,SURENDRANAGAR,0.2,5.6,-97%,LD,503.0,428.6,17%,N
1,,DADARA & NAGAR HAVELI,0.0,19.5,-100%,NR,2549.4,1968.6,30%,E
2,,DAMAN,1.2,19.5,-94%,LD,2072.1,1968.6,5%,N
3,,DIU,0.0,13.8,-100%,NR,607.7,643.2,-6%,N
1,,NORTH GOA,28.3,17.9,58%,E,4015.1,2752.9,46%,E
2,,SOUTH GOA,26.0,18.4,41%,E,3830.9,2633.1,45%,E
1,,MUMBAI CITY,0.4,18.8,-98%,LD,2028.9,1758.5,15%,N
2,,MUMBAI SUBURBAN,2.7,17.3,-84%,LD,2432.1,1959.2,24%,E
3,,PALGHAR,2.5,15.8,-84%,LD,2430.4,1938.3,25%,E
4,,RAIGAD,9.2,21.4,-57%,D,3281.8,2689.7,22%,E
5,,RATNAGIRI,10.0,18.6,-46%,D,3490.2,2783.4,25%,E
6,,SINDHUDURG,17.2,17.4,-1%,N,3676.4,2606.7,41%,E
7,,THANE,5.3,18.6,-72%,LD,2272.5,2087.1,9%,N
1,,AHMEDNAGAR,0.0,5.1,-100%,NR,544.1,308.7,76%,LE
2,,DHULE,4.0,3.8,5%,N,624.6,428.3,46%,E
3,,JALGAON,1.2,5.5,-78%,LD,729.7,499.0,46%,E
4,,KOLHAPUR,9.5,9.9,-4%,N,2173.9,1500.9,45%,E
5,,NANDURBAR,0.0,7.8,-100%,NR,890.8,691.3,29%,E
6,,NASHIK,1.2,6.8,-82%,LD,1069.0,715.7,49%,E
7,,PUNE,2.8,5.7,-50%,D,1207.6,764.8,58%,E
8,,SANGLI,0.1,3.3,-97%,LD,611.9,352.8,73%,LE
9,,SATARA,1.0,4.1,-74%,LD,854.1,687.0,24%,E
10,,SHOLAPUR,0.0,3.5,-100%,NR,408.0,292.4,40%,E
1,,BEED,5.3,7.1,-26%,D,522.9,391.6,34%,E
2,,CHH. SAMBHAJINAGAR,1.8,6.6,-72%,LD,476.4,413.6,15%,N
3,,DHARASHIV,1.8,5.2,-66%,LD,533.9,400.4,33%,E
4,,HINGOLI,0.0,7.4,-100%,NR,310.8,616.1,-50%,D
5,,JALNA,4.7,7.9,-40%,D,503.0,450.6,12%,N
6,,LATUR,13.9,6.6,111%,LE,687.0,490.3,40%,E
7,,NANDED,1.5,9.5,-85%,LD,623.2,622.0,0%,N
8,,PARBHANI,7.6,9.2,-18%,N,593.9,536.3,11%,N
1,,AKOLA,0.7,9.0,-93%,LD,631.4,578.3,9%,N
2,,AMRAOTI,1.1,9.5,-88%,LD,655.5,678.9,-3%,N
3,,BHANDARA,5.0,9.7,-49%,D,939.9,911.6,3%,N
4,,BULDHANA,3.2,6.4,-50%,D,630.3,524.3,20%,E
5,,CHANDRAPUR,4.2,11.1,-62%,LD,1066.5,905.3,18%,N
6,,GADCHIROLI,6.3,14.7,-57%,D,1355.8,1088.0,25%,E
7,,GONDIA,6.0,10.1,-41%,D,935.2,1032.8,-9%,N
8,,NAGPUR,15.8,9.6,64%,LE,833.5,777.6,7%,N
9,,WARDHA,14.6,10.6,37%,E,913.0,690.8,32%,E
10,,WASHIM,1.6,6.4,-76%,LD,698.0,632.6,10%,N
11,,YEOTMAL,4.5,9.4,-52%,D,840.2,676.6,24%,E
1,,BALOD,1.3,10.1,-87%,LD,913.2,823.2,11%,N
2,,BALODA BAZAR,5.6,5.4,3%,N,942.5,759.9,24%,E
3,,BALRAMPUR,5.6,7.2,-22%,D,1326.0,786.3,69%,LE
4,,BASTAR,13.0,10.1,28%,E,943.2,952.8,-1%,N
5,,BEMETARA,0.0,7.8,-100%,NR,489.2,858.2,-43%,D
6,,BIJAPUR,36.6,14.1,159%,LE,1924.4,1142.3,68%,LE
7,,BILASPUR,0.0,10.4,-100%,NR,848.4,853.7,-1%,N
8,,DANTEWADA,45.5,19.6,132%,LE,1168.9,1067.1,10%,N
9,,DHAMTARI,5.6,6.2,-10%,N,788.6,853.2,-8%,N
10,,DURG,1.9,5.6,-66%,LD,598.1,806.5,-26%,D
11,,GARIABAND,14.9,6.2,140%,LE,847.9,860.0,-1%,N
12,,GAURELA-PENDRA-MARWAHI,1.4,6.9,-80%,LD,999.8,873.8,14%,N
13,,JANJGIR-CHAMPA,2.1,8.9,-76%,LD,1001.2,889.7,13%,N
14,,JASHPUR,0.8,13.9,-94%,LD,791.4,1097.8,-28%,D
15,,KABIRDHAM,0.0,7.6,-100%,NR,703.6,707.1,0%,N
16,,KANKER,7.1,11.2,-37%,D,1040.6,1102.8,-6%,N
17,,KHAIRAGARH-CHHUIKHADAN-GANDAI,0.0,8.1,-100%,NR,648.2,600.2,8%,N
18,,KONDAGAON,10.8,10.5,3%,N,865.8,952.0,-9%,N
19,,KORBA,0.8,8.5,-91%,LD,1213.5,1014.5,20%,E
20,,KOREA,2.5,3.2,-23%,D,928.7,901.2,3%,N
21,,MAHASAMUND,4.1,5.5,-26%,D,730.6,860.7,-15%,N
22,,MANENDRAGARH-CHIRMIRI-BHARATPUR,1.3,3.1,-57%,D,919.0,901.0,2%,N
23,,MOHALA-MANPUR-CHOWKI,0.1,10.4,-99%,LD,983.2,840.3,17%,N
24,,MUNGELI,0.0,7.6,-100%,NR,935.0,770.4,21%,E
25,,NARAYANPUR,19.2,11.6,66%,LE,1052.7,1015.5,4%,N
26,,RAIGARH,0.1,11.2,-99%,LD,892.5,958.5,-7%,N
27,,RAIPUR,0.9,6.9,-87%,LD,763.3,820.4,-7%,N
28,,RAJNANDGAON,0.1,7.9,-98%,LD,845.0,849.1,0%,N
29,,SAKTI,1.4,10.1,-86%,LD,849.1,911.8,-7%,N
30,,SARANGARH-BILAIGARH,1.7,8.8,-81%,LD,538.8,745.5,-28%,D
31,,SUKMA,36.6,9.2,298%,LE,1260.9,962.6,31%,E
32,,SURAJPUR,2.6,10.5,-75%,LD,930.8,966.6,-4%,N
33,,SURGUJA,0.8,7.7,-89%,LD,574.5,950.7,-40%,D
1,,ANAKAPALLI,27.3,6.5,320%,LE,670.9,448.6,50%,E
2,,BAPATLA,56.4,5.3,963%,LE,402.1,393.1,2%,N
3,,DR B R AMBEDKAR KONASEEMA,54.4,8.4,548%,LE,812.4,591.3,37%,E
4,,EAST GODAVARI,35.0,7.9,343%,LE,709.7,554.3,28%,E
5,,ELURU,61.0,8.5,617%,LE,954.3,676.2,41%,E
6,,GUNTUR,105.2,4.2,2404%,LE,596.2,443.5,34%,E
7,,KAKINADA,50.5,6.9,632%,LE,636.2,488.4,30%,E
8,,KRISHNA,138.8,6.2,2139%,LE,675.5,499.7,35%,E
9,,NTR DISTRICT,107.9,5.1,2015%,LE,710.9,542.2,31%,E
10,,PALNADU,50.3,3.2,1471%,LE,455.3,402.2,13%,N
11,,PARVATHIPURAM MANYAM,7.1,7.8,-9%,N,704.6,580.4,21%,E
12,,PRAKASAM,25.8,3.0,760%,LE,261.6,253.7,3%,N
13,,SPSR NELLORE,7.9,3.1,154%,LE,277.7,230.4,21%,E
14,,SRI ALLURI SITHARAMARAJU DISTRICT,33.7,9.5,255%,LE,860.7,705.8,22%,E
15,,SRIKAKULAM,7.3,7.0,4%,N,618.6,524.1,18%,N
16,,VISHAKHAPATNAM,37.2,9.0,313%,LE,551.1,405.6,36%,E
17,,VIZIANAGARAM,15.7,6.5,142%,LE,597.0,500.7,19%,N
18,,WEST GODAVARI,94.1,7.4,1171%,LE,859.4,568.8,51%,E
19,,YANAM,58.6,7.8,651%,LE,773.4,551.0,40%,E
1,,ANANTAPURAMU,5.7,2.5,128%,LE,387.7,206.4,88%,LE
2,,ANNAMAYYA DISTRICT,10.8,3.3,228%,LE,328.7,261.2,26%,E
3,,CHITTOOR,8.2,4.9,68%,LE,422.1,295.3,43%,E
4,,KURNOOL,19.0,3.6,428%,LE,373.0,296.7,26%,E
5,,NANDYAL,29.7,3.6,725%,LE,536.8,353.5,52%,E
6,,SRI SATHYASAI DISTRICT,4.9,1.4,252%,LE,405.2,198.7,104%,LE
7,,TIRUPATI,11.4,3.7,207%,LE,386.4,311.7,24%,E
8,,YSR DISTRICT,35.6,2.8,1173%,LE,310.2,275.4,13%,N
1,,ADILABAD,2.1,12.3,-83%,LD,737.5,781.2,-6%,N
2,,B. KOTHAGUDEM,46.3,7.5,518%,LE,925.7,770.4,20%,E
3,,HANUMAKONDA,26.5,7.2,268%,LE,739.5,534.6,38%,E
4,,HYDERABAD,6.3,7.0,-10%,N,492.2,468.4,5%,N
5,,J. BHUPALPALLY,27.1,9.8,176%,LE,958.5,804.2,19%,N
6,,JAGTIAL,0.6,10.4,-94%,LD,854.1,644.9,32%,E
7,,JANGAON,7.7,7.5,2%,N,478.3,524.8,-9%,N
8,,JOGULAMBA GADWAL,34.7,3.8,812%,LE,506.1,322.4,57%,E
9,,KAMAREDDY,0.9,10.0,-91%,LD,575.1,615.6,-7%,N
10,,KARIMNAGAR,5.0,5.6,-11%,N,725.7,544.7,33%,E
11,,KHAMMAM,56.5,8.8,543%,LE,694.8,616.4,13%,N
12,,KUMARAM BHEEM,1.7,11.1,-85%,LD,907.0,806.2,13%,N
13,,M. MALKAJGIRI,6.4,4.9,31%,E,490.1,394.5,24%,E
14,,MAHABUBABAD,76.0,7.8,874%,LE,807.9,691.3,17%,N
15,,MAHABUBNAGAR,43.9,4.1,970%,LE,604.4,378.4,60%,LE
16,,MANCHERIAL,3.3,11.8,-72%,LD,795.0,770.9,3%,N
17,,MEDAK,2.8,6.2,-54%,D,510.3,620.5,-18%,N
18,,MULUGU,45.1,7.3,518%,LE,1274.0,803.6,59%,E
19,,NAGARKURNOOL,59.0,3.8,1452%,LE,553.5,346.7,60%,LE
20,,NALGONDA,9.0,7.9,14%,N,342.6,370.9,-8%,N
21,,NARAYANPET,64.7,4.4,1369%,LE,664.3,339.8,95%,LE
22,,NIRMAL,1.4,10.2,-87%,LD,788.6,723.4,9%,N
23,,NIZAMABAD,1.1,10.8,-90%,LD,698.4,670.4,4%,N
24,,PEDDAPALLE,4.5,7.9,-44%,D,868.0,702.0,24%,E
25,,RAJANNA SIRCILLA,2.6,9.0,-71%,LD,649.8,545.0,19%,N
26,,RANGAREDDY,9.2,5.0,83%,LE,342.9,400.8,-14%,N
27,,SANGAREDDY,10.5,7.0,50%,E,399.4,541.9,-26%,D
28,,SIDDIPET,3.3,5.1,-35%,D,506.9,478.5,6%,N
29,,SURYAPET,36.9,5.3,597%,LE,512.9,468.3,10%,N
30,,VIKARABAD,37.0,7.6,387%,LE,493.6,498.1,-1%,N
31,,WANAPARTHY,51.7,3.7,1297%,LE,582.1,397.5,46%,E
32,,WARANGAL,56.5,10.0,465%,LE,670.0,733.4,-9%,N
33,,Y. BHUVANAGIRI,3.9,4.8,-19%,N,378.6,396.2,-4%,N
1,,ARIYALUR,4.7,3.5,34%,E,219.6,196.0,12%,N
2,,CHENGALPATTU,5.1,5.0,3%,N,441.0,274.5,61%,LE
3,,CHENNAI,16.8,3.8,341%,LE,459.7,305.5,50%,E
4,,COIMBATORE,10.8,4.2,156%,LE,878.2,561.9,56%,E
5,,CUDDALORE,9.7,3.8,154%,LE,361.1,227.2,59%,E
6,,DHARMAPURI,6.0,3.3,81%,LE,323.2,220.9,46%,E
7,,DINDIGUL,0.3,1.9,-83%,LD,285.9,164.2,74%,LE
8,,ERODE,3.6,2.1,71%,LE,235.4,155.9,51%,E
9,,KALLAKURICHI,6.8,3.8,79%,LE,286.7,249.2,15%,N
10,,KANCHEEPURAM,8.4,9.1,-8%,N,545.3,317.4,72%,LE
11,,KANYAKUMARI,29.6,3.9,658%,LE,454.4,370.7,23%,E
12,,KARUR,0.0,1.4,-100%,NR,198.2,98.5,101%,LE
13,,KRISHNAGIRI,1.6,3.1,-47%,D,360.0,204.7,76%,LE
14,,MADURAI,0.0,1.8,-100%,NR,293.2,172.4,70%,LE
15,,MAYILADUTHURAI,9.6,4.0,140%,LE,187.1,191.2,-2%,N
16,,NAGAPATTINAM,0.0,2.5,-100%,NR,105.2,156.3,-33%,D
17,,NAMAKKAL,2.2,2.0,12%,N,253.5,197.2,29%,E
18,,NILGIRIS,1.2,6.1,-80%,LD,1170.1,661.9,77%,LE
19,,PERAMBALUR,6.2,3.9,59%,E,253.5,156.4,62%,LE
20,,PUDUKKOTTAI,0.0,2.7,-100%,NR,314.7,186.1,69%,LE
21,,RAMANATHAPURAM,0.0,1.2,-100%,NR,129.9,73.8,76%,LE
22,,RANIPET,5.4,5.5,-2%,N,584.4,304.2,92%,LE
23,,SALEM,10.8,4.2,157%,LE,410.9,252.5,63%,LE
24,,SIVAGANGA,0.0,2.2,-100%,NR,378.7,207.3,83%,LE
25,,TENKASI,8.5,1.3,556%,LE,216.6,124.2,74%,LE
26,,THANJAVUR,0.1,3.3,-97%,LD,214.8,190.1,13%,N
27,,THENI,5.3,2.4,121%,LE,337.7,140.4,141%,LE
28,,TIRUNELVELI,1.2,1.0,21%,E,289.0,56.7,410%,LE
29,,TIRUPATTUR,7.1,4.3,64%,LE,405.5,267.7,51%,E
30,,TIRUPPUR,0.0,1.0,-100%,NR,181.3,75.7,140%,LE
31,,TIRUVALLUR,22.2,4.5,394%,LE,505.8,314.7,61%,LE
32,,TIRUVANNAMALAI,7.4,4.3,73%,LE,506.5,285.8,77%,LE
33,,TIRUVARUR,0.0,4.0,-100%,NR,182.6,184.6,-1%,N
34,,TOOTHUKUDI,0.0,0.5,-100%,NR,50.4,32.1,57%,E
35,,TRICHY,0.0,1.8,-98%,LD,208.0,151.4,37%,E
36,,VELLORE,3.1,4.0,-22%,D,462.5,279.7,65%,LE
37,,VILLUPURAM,5.1,5.2,-1%,N,480.2,264.6,81%,LE
38,,VIRUDHUNAGAR,0.0,1.7,-98%,LD,259.3,106.3,144%,LE
1,,KARAIKAL,0.0,4.0,-100%,NR,156.5,189.5,-17%,N
2,,MAHE,17.0,10.0,70%,LE,2522.2,2128.0,19%,N
3,,PUDUCHERRY,3.8,4.5,-16%,N,466.3,258.1,81%,LE
4,,YANAM,58.6,7.8,651%,LE,773.4,551.0,40%,E
1,,DAKSHINA KANNADA,26.2,21.1,24%,E,2886.6,2976.5,-3%,N
2,,UDUPI,25.0,24.5,2%,N,3922.3,3368.1,16%,N
3,,UTTARA KANNADA,18.9,17.8,6%,N,3333.7,2470.7,35%,E
1,,BAGALKOTE,2.4,1.9,28%,E,318.5,220.4,45%,E
2,,BELAGAVI,1.2,3.1,-62%,LD,584.0,456.4,28%,E
3,,BIDAR,6.5,5.7,15%,N,402.9,477.6,-16%,N
4,,DHARWAD,1.2,4.6,-74%,LD,431.0,403.0,7%,N
5,,GADAG,2.4,3.2,-25%,D,296.3,233.5,27%,E
6,,HAVERI,0.6,3.4,-83%,LD,436.2,394.0,11%,N
7,,KALABURGI,8.5,4.4,93%,LE,299.7,399.6,-25%,D
8,,KOPPAL,3.3,4.3,-24%,D,376.2,241.7,56%,E
9,,RAICHUR,16.6,5.1,225%,LE,330.2,278.4,19%,N
10,,VIJAYAPURA,0.1,2.3,-97%,LD,394.3,243.1,62%,LE
11,,YADGIR,27.2,3.7,636%,LE,364.0,353.8,3%,N
1,,BALLARI,0.0,2.1,-100%,NR,399.5,231.0,73%,LE
2,,BENGALURU RURAL,1.9,2.3,-16%,N,378.3,270.3,40%,E
3,,BENGALURU URBAN,2.0,2.3,-12%,N,333.1,278.1,20%,E
4,,CHAMARAJANAGAR,3.6,3.8,-5%,N,350.4,216.7,62%,LE
5,,CHIKABALLAPURA,9.5,2.5,278%,LE,361.3,262.9,37%,E
6,,CHIKKAMAGALURU,6.0,8.5,-30%,D,1972.3,1310.1,51%,E
7,,CHITRADURGA,0.0,1.4,-100%,NR,403.6,185.8,117%,LE
8,,DAVANGERE,0.3,2.2,-86%,LD,434.3,272.0,60%,LE
9,,HASSAN,0.5,3.5,-85%,LD,529.7,543.7,-3%,N
10,,KODAGU,10.6,12.3,-14%,N,2181.5,2002.1,9%,N
11,,KOLAR,8.5,3.1,174%,LE,198.5,248.4,-20%,D
12,,MANDYA,2.0,1.6,28%,E,268.8,180.5,49%,E
13,,MYSURU,0.1,2.4,-96%,LD,354.8,264.7,34%,E
14,,RAMANAGARA,2.4,3.0,-20%,D,351.8,286.5,23%,E
15,,SHIVAMOGGA,18.9,9.8,93%,LE,1770.6,1452.4,22%,E
16,,TUMAKURU,3.0,1.7,74%,LE,327.5,227.7,44%,E
17,,VIJAYANAGARA,1.2,3.5,-66%,LD,451.9,251.5,80%,LE
1,,ALAPUZHA,50.1,8.0,526%,LE,1108.3,1370.7,-19%,N
2,,CANNUR,27.5,12.4,122%,LE,2707.2,2349.7,15%,N
3,,ERNAKULAM,28.3,10.7,165%,LE,1378.8,1796.1,-23%,D
4,,IDUKKI,15.1,17.4,-13%,N,1522.3,2203.3,-31%,D
5,,KASARGOD,27.1,17.7,53%,E,2244.2,2576.8,-13%,N
6,,KOLLAM,38.2,7.4,417%,LE,928.7,1031.0,-10%,N
7,,KOTTAYAM,47.1,10.0,371%,LE,1584.4,1610.4,-2%,N
8,,KOZHIKODE,18.0,14.8,22%,E,2072.2,2273.2,-9%,N
9,,MALAPPURAM,32.1,11.1,189%,LE,1617.6,1702.3,-5%,N
10,,PALAKKAD,20.5,9.2,123%,LE,1361.2,1349.2,1%,N
11,,PATHANAMTHITTA,23.3,8.7,168%,LE,1177.0,1321.5,-11%,N
12,,THIRUVANANTHAPURAM,26.7,6.6,304%,LE,736.4,666.3,11%,N
13,,THRISSUR,24.9,11.7,113%,LE,1692.6,1838.3,-8%,N
14,,WYNAD,14.7,15.0,-2%,N,1573.4,2200.9,-29%,D
1,,MAHE,17.0,10.0,70%,LE,2522.2,2128.0,19%,N
36,LAKSHADWEEP,,14.3,10.7,33%,E,1211.0,856.9,41%,E
